id;admrg_id;adm_regional;uf;created_at;updated_at
;1;REG - SÃO PAULO;SP;12/02/2026 22:32;12/02/2026 22:32
;2;REG - SANTOS;SP;12/02/2026 22:32;12/02/2026 22:32
;3;REG - PIRACICABA;SP;12/02/2026 22:32;12/02/2026 22:32
;4;REG - NÃO DEFINIDA;XX;12/02/2026 22:32;12/02/2026 22:32
;5;REG - RIO BRANCO;AC;12/02/2026 22:32;12/02/2026 22:32
;6;REG - MANAUS;AM;12/02/2026 22:32;12/02/2026 22:32
;7;REG - ALAGOINHAS;BA;12/02/2026 22:32;12/02/2026 22:32
;8;REG - BOM JESUS DA LAPA;BA;12/02/2026 22:32;12/02/2026 22:32
;9;REG - JOÃO DOURADO;BA;12/02/2026 22:32;12/02/2026 22:32
;10;REG - CANSANÇÃO;BA;12/02/2026 22:32;12/02/2026 22:32
;11;REG - FEIRA DE SANTANA;BA;12/02/2026 22:32;12/02/2026 22:32
;12;REG - GUANAMBI;BA;12/02/2026 22:32;12/02/2026 22:32
;13;REG - ITABUNA;BA;12/02/2026 22:32;12/02/2026 22:32
;14;REG - JUAZEIRO;BA;12/02/2026 22:32;12/02/2026 22:32
;15;REG - SENHOR DO BONFIM;BA;12/02/2026 22:32;12/02/2026 22:32
;16;REG - VITÓRIA DA CONQUISTA;BA;12/02/2026 22:32;12/02/2026 22:32
;17;REG - SALVADOR;BA;12/02/2026 22:32;12/02/2026 22:32
;18;REG - TEIXEIRA DE FREITAS;BA;12/02/2026 22:32;12/02/2026 22:32
;19;REG - JUAZEIRO DO NORTE;CE;12/02/2026 22:32;12/02/2026 22:32
;20;REG - FORTALEZA;CE;12/02/2026 22:32;12/02/2026 22:32
;21;REG - VILA VELHA;ES;12/02/2026 22:32;12/02/2026 22:32
;22;REG - BOM JESUS DE GOIÁS;GO;12/02/2026 22:32;12/02/2026 22:32
;23;REG - CATALÃO;GO;12/02/2026 22:32;12/02/2026 22:32
;24;REG - GOIÂNIA;GO;12/02/2026 22:32;12/02/2026 22:32
;25;REG - PIRANHAS;GO;12/02/2026 22:32;12/02/2026 22:32
;26;REG - ITUMBIARA;GO;12/02/2026 22:32;12/02/2026 22:32
;27;REG - URUAÇU;GO;12/02/2026 22:32;12/02/2026 22:32
;28;REG - JATAÍ;GO;12/02/2026 22:32;12/02/2026 22:32
;29;REG - INHUMAS;GO;12/02/2026 22:32;12/02/2026 22:32
;30;REG - IMPERATRIZ;MA;12/02/2026 22:32;12/02/2026 22:32
;31;REG - SÃO LUÍS;MA;12/02/2026 22:32;12/02/2026 22:32
;32;REG - CUIABÁ;MT;12/02/2026 22:32;12/02/2026 22:32
;33;REG - RONDONÓPOLIS;MT;12/02/2026 22:32;12/02/2026 22:32
;34;REG - CANARANA;BA;12/02/2026 22:32;12/02/2026 22:32
;35;REG - CAMPO GRANDE;MS;12/02/2026 22:32;12/02/2026 22:32
;36;REG - DOURADOS;MS;12/02/2026 22:32;12/02/2026 22:32
;37;REG - ARAXÁ;MG;12/02/2026 22:32;12/02/2026 22:32
;38;REG - BRASÍLIA;MG;12/02/2026 22:32;12/02/2026 22:32
;39;REG - GOVERNADOR VALADARES;MG;12/02/2026 22:32;12/02/2026 22:32
;40;REG - GUAXUPÉ;MG;12/02/2026 22:32;12/02/2026 22:32
;41;REG - JUIZ DE FORA;MG;12/02/2026 22:32;12/02/2026 22:32
;42;REG - MONTE AZUL;MG;12/02/2026 22:32;12/02/2026 22:32
;43;REG - MONTES CLAROS;MG;12/02/2026 22:32;12/02/2026 22:32
;44;REG - PIRAPORA;MG;12/02/2026 22:32;12/02/2026 22:32
;45;REG - POÇOS DE CALDAS;MG;12/02/2026 22:32;12/02/2026 22:32
;46;REG - UBERLÂNDIA;MG;12/02/2026 22:32;12/02/2026 22:32
;47;REG - VARGINHA;MG;12/02/2026 22:32;12/02/2026 22:32
;48;REG - PATOS DE MINAS;MG;12/02/2026 22:32;12/02/2026 22:32
;49;REG - BELO HORIZONTE;MG;12/02/2026 22:32;12/02/2026 22:32
;50;REG - JANAÚBA;MG;12/02/2026 22:32;12/02/2026 22:32
;51;REG - TAIOBEIRAS;MG;12/02/2026 22:32;12/02/2026 22:32
;52;REG - ALTAMIRA;PA;12/02/2026 22:32;12/02/2026 22:32
;53;REG - BELÉM;PA;12/02/2026 22:32;12/02/2026 22:32
;54;REG - REDENÇÃO;PA;12/02/2026 22:32;12/02/2026 22:32
;55;REG - SANTARÉM;PA;12/02/2026 22:32;12/02/2026 22:32
;56;REG - MARABÁ;PA;12/02/2026 22:32;12/02/2026 22:32
;57;REG - CAMPINA GRANDE;PB;12/02/2026 22:32;12/02/2026 22:32
;58;REG - APUCARANA;PR;12/02/2026 22:32;12/02/2026 22:32
;59;REG - CAMPO MOURÃO;PR;12/02/2026 22:32;12/02/2026 22:32
;60;REG - CASCAVEL;PR;12/02/2026 22:32;12/02/2026 22:32
;61;REG - CURITIBA;PR;12/02/2026 22:32;12/02/2026 22:32
;62;REG - LONDRINA;PR;12/02/2026 22:32;12/02/2026 22:32
;63;REG - MARINGÁ;PR;12/02/2026 22:32;12/02/2026 22:32
;64;REG - PONTA GROSSA;PR;12/02/2026 22:32;12/02/2026 22:32
;65;REG - SANTO ANTÔNIO DA PLATINA;PR;12/02/2026 22:32;12/02/2026 22:32
;66;REG - UMUARAMA;PR;12/02/2026 22:32;12/02/2026 22:32
;67;REG - GARANHUNS;PE;12/02/2026 22:32;12/02/2026 22:32
;68;REG - RECIFE;PE;12/02/2026 22:32;12/02/2026 22:32
;69;REG - SERRA TALHADA;PE;12/02/2026 22:32;12/02/2026 22:32
;70;REG - PETROLINA;PE;12/02/2026 22:32;12/02/2026 22:32
;71;REG - SÃO RAIMUNDO NONATO;PI;12/02/2026 22:32;12/02/2026 22:32
;72;REG - TERESINA;PI;12/02/2026 22:32;12/02/2026 22:32
;73;REG - NATAL;RN;12/02/2026 22:32;12/02/2026 22:32
;74;REG - PORTO ALEGRE;RS;12/02/2026 22:32;12/02/2026 22:32
;75;REG - RIO DE JANEIRO;RJ;12/02/2026 22:32;12/02/2026 22:32
;76;REG - RESENDE;RJ;12/02/2026 22:32;12/02/2026 22:32
;77;REG - ITAPERUNA;RJ;12/02/2026 22:32;12/02/2026 22:32
;78;REG - CAÇADOR;SC;12/02/2026 22:32;12/02/2026 22:32
;79;REG - ITAJAÍ;SC;12/02/2026 22:32;12/02/2026 22:32
;80;REG - JOINVILLE;SC;12/02/2026 22:32;12/02/2026 22:32
;81;REG - TUBARÃO;SC;12/02/2026 22:32;12/02/2026 22:32
;82;REG - GUARULHOS;SP;12/02/2026 22:32;12/02/2026 22:32
;83;REG - OSASCO;SP;12/02/2026 22:32;12/02/2026 22:32
;84;REG - SANTO ANDRÉ;SP;12/02/2026 22:32;12/02/2026 22:32
;85;REG - EMBU DAS ARTES;SP;12/02/2026 22:32;12/02/2026 22:32
;86;REG - AMPARO;SP;12/02/2026 22:32;12/02/2026 22:32
;87;REG - ARAÇATUBA;SP;12/02/2026 22:32;12/02/2026 22:32
;88;REG - ARARAQUARA;SP;12/02/2026 22:32;12/02/2026 22:32
;89;REG - ATIBAIA;SP;12/02/2026 22:32;12/02/2026 22:32
;90;REG - BAURU;SP;12/02/2026 22:32;12/02/2026 22:32
;91;REG - CAMPINAS;SP;12/02/2026 22:32;12/02/2026 22:32
;92;REG - CATANDUVA;SP;12/02/2026 22:32;12/02/2026 22:32
;93;REG - FERNANDÓPOLIS;SP;12/02/2026 22:32;12/02/2026 22:32
;94;REG - ITAÍ;SP;12/02/2026 22:32;12/02/2026 22:32
;95;REG - ITAPEVA;SP;12/02/2026 22:32;12/02/2026 22:32
;96;REG - JUNDIAÍ;SP;12/02/2026 22:32;12/02/2026 22:32
;97;REG - OSVALDO CRUZ;SP;12/02/2026 22:32;12/02/2026 22:32
;98;REG - PINDAMONHANGABA;SP;12/02/2026 22:32;12/02/2026 22:32
;99;REG - PORTO FERREIRA;SP;12/02/2026 22:32;12/02/2026 22:32
;100;REG - PRESIDENTE PRUDENTE;SP;12/02/2026 22:32;12/02/2026 22:32
;101;REG - REGISTRO;SP;12/02/2026 22:32;12/02/2026 22:32
;102;REG - RIBEIRÃO PRETO;SP;12/02/2026 22:32;12/02/2026 22:32
;103;REG - SÃO JOÃO DA BOA VISTA;SP;12/02/2026 22:32;12/02/2026 22:32
;104;REG - SOROCABA;SP;12/02/2026 22:32;12/02/2026 22:32
;105;REG - ARACAJU;SE;12/02/2026 22:32;12/02/2026 22:32
;106;REG - BRASÍLIA - DF;DF;12/02/2026 22:32;12/02/2026 22:32
;107;REG - MACAPÁ;AP;12/02/2026 22:32;12/02/2026 22:32
;108;REG - JI-PARANÁ;RO;12/02/2026 22:32;12/02/2026 22:32
;109;REG - ARIQUEMES;RO;12/02/2026 22:32;12/02/2026 22:32
;110;REG - PORTO VELHO;RO;12/02/2026 22:32;12/02/2026 22:32
;111;REG - PIMENTA BUENO;RO;12/02/2026 22:32;12/02/2026 22:32
;112;REG - BOA VISTA;RR;12/02/2026 22:32;12/02/2026 22:32
;113;REG - PALMAS;TO;12/02/2026 22:32;12/02/2026 22:32
;114;REG - MACEIÓ;AL;12/02/2026 22:32;12/02/2026 22:32
;115;REG - AMAMBAI;MS;12/02/2026 22:32;12/02/2026 22:32
;116;REG - ARAGUAÍNA;TO;12/02/2026 22:32;12/02/2026 22:32
;117;REG - BARREIRAS;BA;12/02/2026 22:32;12/02/2026 22:32
;118;REG - CACERES;MT;12/02/2026 22:32;12/02/2026 22:32
;119;REG - CAMAÇARI;BA;12/02/2026 22:32;12/02/2026 22:32
;120;REG - CARAGUATATUBA;SP;12/02/2026 22:32;12/02/2026 22:32
;121;REG - COXIM;MS;12/02/2026 22:32;12/02/2026 22:32
;122;REG - FRUTAL;MG;12/02/2026 22:32;12/02/2026 22:32
;123;REG - GUIA LOPES DA LAGUNA;MS;12/02/2026 22:32;12/02/2026 22:32
;124;REG - GURUPI;TO;12/02/2026 22:32;12/02/2026 22:32
;125;REG - ITAOBIM;MG;12/02/2026 22:32;12/02/2026 22:32
;126;REG - ITAPEVI;SP;12/02/2026 22:32;12/02/2026 22:32
;127;REG - LIMEIRA;SP;12/02/2026 22:32;12/02/2026 22:32
;128;REG - MINAS NOVAS;MG;12/02/2026 22:32;12/02/2026 22:32
;129;REG - MIRANORTE;TO;12/02/2026 22:32;12/02/2026 22:32
;130;REG - NAVIRAÍ;MS;12/02/2026 22:32;12/02/2026 22:32
;131;REG - NOVA ANDRADINA;MS;12/02/2026 22:32;12/02/2026 22:32
;132;REG - PAULO AFONSO;BA;12/02/2026 22:32;12/02/2026 22:32
;133;REG - PELOTAS;RS;12/02/2026 22:32;12/02/2026 22:32
;134;REG - PONTES E LACERDA;MT;12/02/2026 22:32;12/02/2026 22:32
;135;REG - TRÊS LAGOAS;MS;12/02/2026 22:32;12/02/2026 22:32
;136;12100 REG - VERIFICAR;XX;12/02/2026 22:32;12/02/2026 22:32
;137;13100 REG - VERIFICAR;XX;12/02/2026 22:32;12/02/2026 22:32
;138;14100 REG - VERIFICAR;XX;12/02/2026 22:32;12/02/2026 22:32
;139;15100 REG - VERIFICAR;XX;12/02/2026 22:32;12/02/2026 22:32
;140;16100 REG - VERIFICAR;XX;12/02/2026 22:32;12/02/2026 22:32
;141;17100 REG - VERIFICAR;XX;12/02/2026 22:32;12/02/2026 22:32
;142;18100 REG - VERIFICAR;XX;12/02/2026 22:32;12/02/2026 22:32
;143;19100 REG - VERIFICAR;XX;12/02/2026 22:32;12/02/2026 22:32
;144;REG - MARACÁS;BA;12/02/2026 22:32;12/02/2026 22:32
;145;REG - SINOP;MT;12/02/2026 22:32;12/02/2026 22:32
;146;REG - JANUÁRIA;MG;12/02/2026 22:32;12/02/2026 22:32
;147;REG - SALINAS;MG;12/02/2026 22:32;12/02/2026 22:32
;148;REG - LAVRAS;MG;12/02/2026 22:32;12/02/2026 22:32
;149;REG - PARANAVAÍ;PR;12/02/2026 22:32;12/02/2026 22:32
;150;21001 REG - VERIFICAR;XX;12/02/2026 22:32;12/02/2026 22:32
;151;21003 REG - VERIFICAR;XX;12/02/2026 22:32;12/02/2026 22:32
;152;21004 REG - VERIFICAR;XX;12/02/2026 22:32;12/02/2026 22:32
;153;21005 REG - VERIFICAR;XX;12/02/2026 22:32;12/02/2026 22:32
;154;21006 REG - VERIFICAR;XX;12/02/2026 22:32;12/02/2026 22:32
;155;21007 REG - VERIFICAR;XX;12/02/2026 22:32;12/02/2026 22:32
;156;21008 REG - VERIFICAR;XX;12/02/2026 22:32;12/02/2026 22:32
;157;21009 REG - VERIFICAR;XX;12/02/2026 22:32;12/02/2026 22:32
;158;21100 REG - VERIFICAR;XX;12/02/2026 22:32;12/02/2026 22:32
;159;REG - CARUARU;PE;12/02/2026 22:32;12/02/2026 22:32
;160;23100 REG - VERIFICAR;XX;12/02/2026 22:32;12/02/2026 22:32
;161;REG - BARRA DO GARÇAS;MT;12/02/2026 22:32;12/02/2026 22:32
;162;REG - PICOS;PI;12/02/2026 22:32;12/02/2026 22:32
;163;REG - CÁCERES - MT;MT;12/02/2026 22:32;12/02/2026 22:32
;164;REG - SANTA LUZIA - MG;MG;12/02/2026 22:32;12/02/2026 22:32
;165;REG - DIAMANTINA;MG;12/02/2026 22:32;12/02/2026 22:32
;166;REG - OURO PRETO;MG;12/02/2026 22:32;12/02/2026 22:32
;167;REG - FORMIGA;MG;12/02/2026 22:32;12/02/2026 22:32
;168;REG - PONTE NOVA;MG;12/02/2026 22:32;12/02/2026 22:32
;169;REG - POUSO ALEGRE;MG;12/02/2026 22:32;12/02/2026 22:32
;170;REG - SANTA MARIA;RS;12/02/2026 22:32;12/02/2026 22:32
;171;REG - DUQUE DE CAXIAS;RJ;12/02/2026 22:32;12/02/2026 22:32
;172;REG - MACAÉ;RJ;12/02/2026 22:32;12/02/2026 22:32
;173;REG - ITAITUBA;PA;12/02/2026 22:32;12/02/2026 22:32
;174;REG - TATUÍ;SP;12/02/2026 22:32;12/02/2026 22:32
;175;REG - ALTA FLORESTA;MT;12/02/2026 22:32;12/02/2026 22:32
;176;REG - MOSSORÓ;RN;12/02/2026 22:32;12/02/2026 22:32
;177;REG - FAINA;GO;12/02/2026 22:32;12/02/2026 22:32
;178;REG - JUÍNA;MT;12/02/2026 22:32;12/02/2026 22:32
;179;REG - NOVA FRIBURGO;RJ;12/02/2026 22:32;12/02/2026 22:32
;180;REG - OURICURI;PE;12/02/2026 22:32;12/02/2026 22:32
;181;REG - IPATINGA;MG;12/02/2026 22:32;12/02/2026 22:32
;182;REG - TAUÁ;CE;12/02/2026 22:32;12/02/2026 22:32
;183;REG - PASSO FUNDO;RS;12/02/2026 22:32;12/02/2026 22:32
;184;REG - ANGRA DOS REIS;RJ;12/02/2026 22:32;12/02/2026 22:32
;185;REG - TANGARÁ DA SERRA;MT;12/02/2026 22:32;12/02/2026 22:32
;186;REG - COROATÁ;MA;12/02/2026 22:32;12/02/2026 22:32
;187;REG - NOVA IGUAÇÚ;RJ;12/02/2026 22:32;12/02/2026 22:32
;188;REG - NOVO HAMBURGO;RS;12/02/2026 22:32;12/02/2026 22:32
;189;REG - MANGA;MG;12/02/2026 22:32;12/02/2026 22:32
;190;REG - SÃO MATEUS;ES;12/02/2026 22:32;12/02/2026 22:32
;191;REG - MAURITI;CE;12/02/2026 22:32;12/02/2026 22:32
;192;REG - RUSSAS;CE;12/02/2026 22:32;12/02/2026 22:32
;193;REG - CAXAMBU;MG;12/02/2026 22:32;12/02/2026 22:32
;194;REG - CACHOEIRO DE ITAPEMIRIM;ES;12/02/2026 22:32;12/02/2026 22:32
;195;REG - FLORIANÓPOLIS;SC;12/02/2026 22:32;12/02/2026 22:32
;196;REG - CHAPECÓ;SC;12/02/2026 22:32;12/02/2026 22:32
;197;REG - SÃO GONÇALO;RJ;12/02/2026 22:32;12/02/2026 22:32
;198;REG - SOBRAL;CE;12/02/2026 22:32;12/02/2026 22:32
;199;REG - REMANSO;BA;12/02/2026 22:32;12/02/2026 22:32
;200;REG - MOGI DAS CRUZES - SP;SP;12/02/2026 22:32;12/02/2026 22:32
;201;REG - HUMAITÁ;AM;12/02/2026 22:32;12/02/2026 22:32
;202;2100100 REG - VERIFICAR;XX;12/02/2026 22:32;12/02/2026 22:32
;203;2100587 REG - VERIFICAR;XX;12/02/2026 22:32;12/02/2026 22:32
;204;2100588 REG - VERIFICAR;XX;12/02/2026 22:32;12/02/2026 22:32
;205;2100589 REG - VERIFICAR;XX;12/02/2026 22:32;12/02/2026 22:32
;206;2100591 REG - VERIFICAR;XX;12/02/2026 22:32;12/02/2026 22:32
;207;2100592 REG - VERIFICAR;XX;12/02/2026 22:32;12/02/2026 22:32
;208;2698100 REG - VERIFICAR;XX;12/02/2026 22:32;12/02/2026 22:32
;209;2825100 REG - VERIFICAR;XX;12/02/2026 22:32;12/02/2026 22:32
;210;3310077 REG - VERIFICAR;XX;12/02/2026 22:32;12/02/2026 22:32
;211;7238100 REG - VERIFICAR;XX;12/02/2026 22:32;12/02/2026 22:32
;212;7338100 REG - VERIFICAR;XX;12/02/2026 22:32;12/02/2026 22:32
;213;11004564 REG - VERIFICAR;XX;12/02/2026 22:32;12/02/2026 22:32
;214;11004565 REG - VERIFICAR;XX;12/02/2026 22:32;12/02/2026 22:32
;215;210059100 REG - VERIFICAR;XX;12/02/2026 22:32;12/02/2026 22:32
;216;1100771003 REG - VERIFICAR;XX;12/02/2026 22:32;12/02/2026 22:32
;217;1100771004 REG - VERIFICAR;XX;12/02/2026 22:32;12/02/2026 22:32
;218;1561001002 REG - VERIFICAR;XX;12/02/2026 22:32;12/02/2026 22:32
